dataset,polluter,level,model,accuracy,f1_macro,auc_roc,score,grade,completeness,uniqueness,validity,consistency,outlier_ratio,class_balance,feature_correlation
TelcoCustomerChurn,none,0.0,LogisticRegression,0.8084,0.7389,0.8349,97.65,A,1.0,1.0,0.9999,1.0,1.0,0.5307,1.0
TelcoCustomerChurn,none,0.0,RandomForest,0.7835,0.698,0.8055,97.65,A,1.0,1.0,0.9999,1.0,1.0,0.5307,1.0
TelcoCustomerChurn,none,0.0,XGBoost,0.7835,0.7041,0.8124,97.65,A,1.0,1.0,0.9999,1.0,1.0,0.5307,1.0
TelcoCustomerChurn,none,0.0,SVC,0.8041,0.7303,0.8241,97.65,A,1.0,1.0,0.9999,1.0,1.0,0.5307,1.0
TelcoCustomerChurn,none,0.0,MLP,0.7509,0.6792,0.7632,97.65,A,1.0,1.0,0.9999,1.0,1.0,0.5307,1.0
SouthGermanCredit,none,0.0,LogisticRegression,0.76,0.6991,0.7926,97.45,A,1.0,1.0,1.0,1.0,0.945,0.6,1.0
SouthGermanCredit,none,0.0,RandomForest,0.785,0.6988,0.8049,97.45,A,1.0,1.0,1.0,1.0,0.945,0.6,1.0
SouthGermanCredit,none,0.0,XGBoost,0.795,0.7415,0.8119,97.45,A,1.0,1.0,1.0,1.0,0.945,0.6,1.0
SouthGermanCredit,none,0.0,SVC,0.74,0.674,0.781,97.45,A,1.0,1.0,1.0,1.0,0.945,0.6,1.0
SouthGermanCredit,none,0.0,MLP,0.77,0.7235,0.759,97.45,A,1.0,1.0,1.0,1.0,0.945,0.6,1.0
letter,none,0.0,LogisticRegression,0.766,0.7644,0.9786,98.11,A,1.0,0.9334,1.0,1.0,0.9671,0.9542,1.0
letter,none,0.0,RandomForest,0.9577,0.9577,0.9993,98.11,A,1.0,0.9334,1.0,1.0,0.9671,0.9542,1.0
letter,none,0.0,XGBoost,0.9593,0.9592,0.9996,98.11,A,1.0,0.9334,1.0,1.0,0.9671,0.9542,1.0
letter,none,0.0,SVC,0.8455,0.8447,0.9935,98.11,A,1.0,0.9334,1.0,1.0,0.9671,0.9542,1.0
letter,none,0.0,MLP,0.957,0.957,0.9996,98.11,A,1.0,0.9334,1.0,1.0,0.9671,0.9542,1.0
TelcoCustomerChurn,class_balance,0.1,LogisticRegression,0.7573,0.7212,0.8341,99.48,A,1.0,1.0,1.0,1.0,0.9981,0.9005,1.0
TelcoCustomerChurn,class_balance,0.1,RandomForest,0.7374,0.6962,0.8095,99.48,A,1.0,1.0,1.0,1.0,0.9981,0.9005,1.0
TelcoCustomerChurn,class_balance,0.1,XGBoost,0.7346,0.6972,0.8059,99.48,A,1.0,1.0,1.0,1.0,0.9981,0.9005,1.0
TelcoCustomerChurn,class_balance,0.1,SVC,0.7424,0.7104,0.8339,99.48,A,1.0,1.0,1.0,1.0,0.9981,0.9005,1.0
TelcoCustomerChurn,class_balance,0.1,MLP,0.6799,0.6425,0.7301,99.48,A,1.0,1.0,1.0,1.0,0.9981,0.9005,1.0
TelcoCustomerChurn,class_balance,0.25,LogisticRegression,0.7764,0.7285,0.8347,98.75,A,1.0,1.0,1.0,1.0,0.9996,0.7501,1.0
TelcoCustomerChurn,class_balance,0.25,RandomForest,0.7679,0.7161,0.8096,98.75,A,1.0,1.0,1.0,1.0,0.9996,0.7501,1.0
TelcoCustomerChurn,class_balance,0.25,XGBoost,0.7466,0.697,0.7988,98.75,A,1.0,1.0,1.0,1.0,0.9996,0.7501,1.0
TelcoCustomerChurn,class_balance,0.25,SVC,0.7722,0.7225,0.8311,98.75,A,1.0,1.0,1.0,1.0,0.9996,0.7501,1.0
TelcoCustomerChurn,class_balance,0.25,MLP,0.7317,0.6837,0.7715,98.75,A,1.0,1.0,1.0,1.0,0.9996,0.7501,1.0
TelcoCustomerChurn,class_balance,0.5,LogisticRegression,0.8084,0.7373,0.8348,97.5,A,1.0,1.0,1.0,1.0,1.0,0.5003,1.0
TelcoCustomerChurn,class_balance,0.5,RandomForest,0.7821,0.692,0.8103,97.5,A,1.0,1.0,1.0,1.0,1.0,0.5003,1.0
TelcoCustomerChurn,class_balance,0.5,XGBoost,0.7708,0.6873,0.8028,97.5,A,1.0,1.0,1.0,1.0,1.0,0.5003,1.0
TelcoCustomerChurn,class_balance,0.5,SVC,0.8027,0.7284,0.8237,97.5,A,1.0,1.0,1.0,1.0,1.0,0.5003,1.0
TelcoCustomerChurn,class_balance,0.5,MLP,0.7331,0.6413,0.749,97.5,A,1.0,1.0,1.0,1.0,1.0,0.5003,1.0
TelcoCustomerChurn,class_balance,0.75,LogisticRegression,0.7743,0.5825,0.8376,96.25,A,1.0,1.0,1.0,1.0,1.0,0.2504,1.0
TelcoCustomerChurn,class_balance,0.75,RandomForest,0.78,0.6266,0.8139,96.25,A,1.0,1.0,1.0,1.0,1.0,0.2504,1.0
TelcoCustomerChurn,class_balance,0.75,XGBoost,0.7708,0.6274,0.8037,96.25,A,1.0,1.0,1.0,1.0,1.0,0.2504,1.0
TelcoCustomerChurn,class_balance,0.75,SVC,0.7346,0.4235,0.4189,96.25,A,1.0,1.0,1.0,1.0,1.0,0.2504,1.0
TelcoCustomerChurn,class_balance,0.75,MLP,0.7551,0.6343,0.7701,96.25,A,1.0,1.0,1.0,1.0,1.0,0.2504,1.0
TelcoCustomerChurn,completeness,0.1,LogisticRegression,0.8062,0.7373,0.8317,95.17,A,0.905,1.0,1.0,0.9938,0.9985,0.5307,1.0
TelcoCustomerChurn,completeness,0.1,RandomForest,0.7828,0.6947,0.8202,95.17,A,0.905,1.0,1.0,0.9938,0.9985,0.5307,1.0
TelcoCustomerChurn,completeness,0.1,XGBoost,0.7793,0.7091,0.8147,95.17,A,0.905,1.0,1.0,0.9938,0.9985,0.5307,1.0
TelcoCustomerChurn,completeness,0.1,SVC,0.8013,0.7303,0.8254,95.17,A,0.905,1.0,1.0,0.9938,0.9985,0.5307,1.0
TelcoCustomerChurn,completeness,0.1,MLP,0.7537,0.6489,0.7632,95.17,A,0.905,1.0,1.0,0.9938,0.9985,0.5307,1.0
TelcoCustomerChurn,completeness,0.25,LogisticRegression,0.8055,0.735,0.8318,91.34,A,0.7626,1.0,1.0,0.9844,0.9854,0.5307,1.0
TelcoCustomerChurn,completeness,0.25,RandomForest,0.7928,0.7105,0.8217,91.34,A,0.7626,1.0,1.0,0.9844,0.9854,0.5307,1.0
TelcoCustomerChurn,completeness,0.25,XGBoost,0.78,0.7139,0.8069,91.34,A,0.7626,1.0,1.0,0.9844,0.9854,0.5307,1.0
TelcoCustomerChurn,completeness,0.25,SVC,0.8013,0.7344,0.8266,91.34,A,0.7626,1.0,1.0,0.9844,0.9854,0.5307,1.0
TelcoCustomerChurn,completeness,0.25,MLP,0.7246,0.651,0.756,91.34,A,0.7626,1.0,1.0,0.9844,0.9854,0.5307,1.0
TelcoCustomerChurn,completeness,0.5,LogisticRegression,0.7977,0.7213,0.8273,84.79,B,0.5251,1.0,1.0,0.9688,0.948,0.5307,1.0
TelcoCustomerChurn,completeness,0.5,RandomForest,0.8006,0.7118,0.8193,84.79,B,0.5251,1.0,1.0,0.9688,0.948,0.5307,1.0
TelcoCustomerChurn,completeness,0.5,XGBoost,0.7786,0.6988,0.8079,84.79,B,0.5251,1.0,1.0,0.9688,0.948,0.5307,1.0
TelcoCustomerChurn,completeness,0.5,SVC,0.7935,0.7268,0.8233,84.79,B,0.5251,1.0,1.0,0.9688,0.948,0.5307,1.0
TelcoCustomerChurn,completeness,0.5,MLP,0.7573,0.6737,0.7874,84.79,B,0.5251,1.0,1.0,0.9688,0.948,0.5307,1.0
TelcoCustomerChurn,completeness,0.75,LogisticRegression,0.7984,0.7356,0.82,76.34,B,0.2875,0.9783,1.0,0.9531,0.7631,0.5307,1.0
TelcoCustomerChurn,completeness,0.75,RandomForest,0.7835,0.6398,0.8108,76.34,B,0.2875,0.9783,1.0,0.9531,0.7631,0.5307,1.0
TelcoCustomerChurn,completeness,0.75,XGBoost,0.7665,0.6693,0.7677,76.34,B,0.2875,0.9783,1.0,0.9531,0.7631,0.5307,1.0
TelcoCustomerChurn,completeness,0.75,SVC,0.7346,0.4235,0.813,76.34,B,0.2875,0.9783,1.0,0.9531,0.7631,0.5307,1.0
TelcoCustomerChurn,completeness,0.75,MLP,0.7339,0.4309,0.6999,76.34,B,0.2875,0.9783,1.0,0.9531,0.7631,0.5307,1.0
TelcoCustomerChurn,consistent_repr,0.1,LogisticRegression,0.8084,0.7449,0.8346,96.25,A,1.0,1.0,1.0,0.9063,1.0,0.5307,1.0
TelcoCustomerChurn,consistent_repr,0.1,RandomForest,0.7963,0.7176,0.8244,96.25,A,1.0,1.0,1.0,0.9063,1.0,0.5307,1.0
TelcoCustomerChurn,consistent_repr,0.1,XGBoost,0.7991,0.7298,0.8218,96.25,A,1.0,1.0,1.0,0.9063,1.0,0.5307,1.0
TelcoCustomerChurn,consistent_repr,0.1,SVC,0.8055,0.7371,0.8245,96.25,A,1.0,1.0,1.0,0.9063,1.0,0.5307,1.0
TelcoCustomerChurn,consistent_repr,0.1,MLP,0.7303,0.6708,0.7575,96.25,A,1.0,1.0,1.0,0.9063,1.0,0.5307,1.0
TelcoCustomerChurn,consistent_repr,0.25,LogisticRegression,0.8098,0.7453,0.8346,94.14,A,1.0,1.0,1.0,0.7657,1.0,0.5307,1.0
TelcoCustomerChurn,consistent_repr,0.25,RandomForest,0.7899,0.7114,0.8233,94.14,A,1.0,1.0,1.0,0.7657,1.0,0.5307,1.0
TelcoCustomerChurn,consistent_repr,0.25,XGBoost,0.7771,0.701,0.8073,94.14,A,1.0,1.0,1.0,0.7657,1.0,0.5307,1.0
TelcoCustomerChurn,consistent_repr,0.25,SVC,0.8034,0.735,0.8243,94.14,A,1.0,1.0,1.0,0.7657,1.0,0.5307,1.0
TelcoCustomerChurn,consistent_repr,0.25,MLP,0.731,0.6719,0.7566,94.14,A,1.0,1.0,1.0,0.7657,1.0,0.5307,1.0
TelcoCustomerChurn,consistent_repr,0.5,LogisticRegression,0.8141,0.7435,0.8355,90.62,A,1.0,1.0,1.0,0.5313,1.0,0.5307,1.0
TelcoCustomerChurn,consistent_repr,0.5,RandomForest,0.7963,0.7015,0.8257,90.62,A,1.0,1.0,1.0,0.5313,1.0,0.5307,1.0
TelcoCustomerChurn,consistent_repr,0.5,XGBoost,0.7644,0.6869,0.8063,90.62,A,1.0,1.0,1.0,0.5313,1.0,0.5307,1.0
TelcoCustomerChurn,consistent_repr,0.5,SVC,0.8048,0.7374,0.8265,90.62,A,1.0,1.0,1.0,0.5313,1.0,0.5307,1.0
TelcoCustomerChurn,consistent_repr,0.5,MLP,0.7246,0.5922,0.724,90.62,A,1.0,1.0,1.0,0.5313,1.0,0.5307,1.0
TelcoCustomerChurn,consistent_repr,0.75,LogisticRegression,0.8048,0.7305,0.8294,87.11,B,1.0,1.0,1.0,0.2969,1.0,0.5307,1.0
TelcoCustomerChurn,consistent_repr,0.75,RandomForest,0.78,0.6195,0.8114,87.11,B,1.0,1.0,1.0,0.2969,1.0,0.5307,1.0
TelcoCustomerChurn,consistent_repr,0.75,XGBoost,0.763,0.6153,0.7781,87.11,B,1.0,1.0,1.0,0.2969,1.0,0.5307,1.0
TelcoCustomerChurn,consistent_repr,0.75,SVC,0.8048,0.7332,0.8201,87.11,B,1.0,1.0,1.0,0.2969,1.0,0.5307,1.0
TelcoCustomerChurn,consistent_repr,0.75,MLP,0.7346,0.4868,0.6481,87.11,B,1.0,1.0,1.0,0.2969,1.0,0.5307,1.0
TelcoCustomerChurn,feature_accuracy,0.1,LogisticRegression,0.8041,0.7392,0.8315,97.65,A,1.0,1.0,1.0,1.0,0.9997,0.5307,1.0
TelcoCustomerChurn,feature_accuracy,0.1,RandomForest,0.7942,0.7189,0.8138,97.65,A,1.0,1.0,1.0,1.0,0.9997,0.5307,1.0
TelcoCustomerChurn,feature_accuracy,0.1,XGBoost,0.7757,0.7042,0.8077,97.65,A,1.0,1.0,1.0,1.0,0.9997,0.5307,1.0
TelcoCustomerChurn,feature_accuracy,0.1,SVC,0.8006,0.7301,0.8238,97.65,A,1.0,1.0,1.0,1.0,0.9997,0.5307,1.0
TelcoCustomerChurn,feature_accuracy,0.1,MLP,0.7104,0.6306,0.7297,97.65,A,1.0,1.0,1.0,1.0,0.9997,0.5307,1.0
TelcoCustomerChurn,feature_accuracy,0.25,LogisticRegression,0.7963,0.7345,0.8303,97.65,A,1.0,1.0,1.0,1.0,0.9993,0.5307,1.0
TelcoCustomerChurn,feature_accuracy,0.25,RandomForest,0.7842,0.7066,0.8187,97.65,A,1.0,1.0,1.0,1.0,0.9993,0.5307,1.0
TelcoCustomerChurn,feature_accuracy,0.25,XGBoost,0.7679,0.6991,0.8059,97.65,A,1.0,1.0,1.0,1.0,0.9993,0.5307,1.0
TelcoCustomerChurn,feature_accuracy,0.25,SVC,0.7991,0.7313,0.8261,97.65,A,1.0,1.0,1.0,1.0,0.9993,0.5307,1.0
TelcoCustomerChurn,feature_accuracy,0.25,MLP,0.7509,0.6741,0.7495,97.65,A,1.0,1.0,1.0,1.0,0.9993,0.5307,1.0
TelcoCustomerChurn,feature_accuracy,0.5,LogisticRegression,0.7899,0.7254,0.822,97.62,A,1.0,1.0,1.0,1.0,0.9969,0.5307,1.0
TelcoCustomerChurn,feature_accuracy,0.5,RandomForest,0.7871,0.694,0.7952,97.62,A,1.0,1.0,1.0,1.0,0.9969,0.5307,1.0
TelcoCustomerChurn,feature_accuracy,0.5,XGBoost,0.7722,0.7009,0.7828,97.62,A,1.0,1.0,1.0,1.0,0.9969,0.5307,1.0
TelcoCustomerChurn,feature_accuracy,0.5,SVC,0.7346,0.4235,0.8207,97.62,A,1.0,1.0,1.0,1.0,0.9969,0.5307,1.0
TelcoCustomerChurn,feature_accuracy,0.5,MLP,0.7126,0.6125,0.7229,97.62,A,1.0,1.0,1.0,1.0,0.9969,0.5307,1.0
TelcoCustomerChurn,feature_accuracy,0.75,LogisticRegression,0.7083,0.4216,0.4217,97.61,A,1.0,1.0,1.0,1.0,0.9956,0.5307,1.0
TelcoCustomerChurn,feature_accuracy,0.75,RandomForest,0.7161,0.4314,0.4705,97.61,A,1.0,1.0,1.0,1.0,0.9956,0.5307,1.0
TelcoCustomerChurn,feature_accuracy,0.75,XGBoost,0.6402,0.4373,0.4599,97.61,A,1.0,1.0,1.0,1.0,0.9956,0.5307,1.0
TelcoCustomerChurn,feature_accuracy,0.75,SVC,0.7346,0.4235,0.3924,97.61,A,1.0,1.0,1.0,1.0,0.9956,0.5307,1.0
TelcoCustomerChurn,feature_accuracy,0.75,MLP,0.6331,0.5053,0.5302,97.61,A,1.0,1.0,1.0,1.0,0.9956,0.5307,1.0
TelcoCustomerChurn,uniqueness,0.1,LogisticRegression,0.8105,0.7425,0.8341,90.99,A,1.0,0.6666,1.0,1.0,1.0,0.5308,1.0
TelcoCustomerChurn,uniqueness,0.1,RandomForest,0.7871,0.7051,0.8014,90.99,A,1.0,0.6666,1.0,1.0,1.0,0.5308,1.0
TelcoCustomerChurn,uniqueness,0.1,XGBoost,0.7906,0.7183,0.8121,90.99,A,1.0,0.6666,1.0,1.0,1.0,0.5308,1.0
TelcoCustomerChurn,uniqueness,0.1,SVC,0.807,0.7348,0.8243,90.99,A,1.0,0.6666,1.0,1.0,1.0,0.5308,1.0
TelcoCustomerChurn,uniqueness,0.1,MLP,0.7289,0.6656,0.7514,90.99,A,1.0,0.6666,1.0,1.0,1.0,0.5308,1.0
TelcoCustomerChurn,uniqueness,0.25,LogisticRegression,0.8091,0.7406,0.8352,87.65,B,1.0,0.5,1.0,1.0,1.0,0.5307,1.0
TelcoCustomerChurn,uniqueness,0.25,RandomForest,0.7757,0.6906,0.7928,87.65,B,1.0,0.5,1.0,1.0,1.0,0.5307,1.0
TelcoCustomerChurn,uniqueness,0.25,XGBoost,0.7736,0.6954,0.8043,87.65,B,1.0,0.5,1.0,1.0,1.0,0.5307,1.0
TelcoCustomerChurn,uniqueness,0.25,SVC,0.8013,0.727,0.8234,87.65,B,1.0,0.5,1.0,1.0,1.0,0.5307,1.0
TelcoCustomerChurn,uniqueness,0.25,MLP,0.736,0.6549,0.7496,87.65,B,1.0,0.5,1.0,1.0,1.0,0.5307,1.0
TelcoCustomerChurn,uniqueness,0.5,LogisticRegression,0.8105,0.7425,0.8346,84.32,B,1.0,0.3333,1.0,1.0,1.0,0.5307,1.0
TelcoCustomerChurn,uniqueness,0.5,RandomForest,0.7771,0.6932,0.7891,84.32,B,1.0,0.3333,1.0,1.0,1.0,0.5307,1.0
TelcoCustomerChurn,uniqueness,0.5,XGBoost,0.7779,0.7028,0.8089,84.32,B,1.0,0.3333,1.0,1.0,1.0,0.5307,1.0
TelcoCustomerChurn,uniqueness,0.5,SVC,0.8041,0.7298,0.824,84.32,B,1.0,0.3333,1.0,1.0,1.0,0.5307,1.0
TelcoCustomerChurn,uniqueness,0.5,MLP,0.7232,0.6457,0.7413,84.32,B,1.0,0.3333,1.0,1.0,1.0,0.5307,1.0
TelcoCustomerChurn,uniqueness,0.75,LogisticRegression,0.8084,0.7404,0.8355,82.65,B,1.0,0.25,1.0,1.0,1.0,0.5307,1.0
TelcoCustomerChurn,uniqueness,0.75,RandomForest,0.775,0.6955,0.7909,82.65,B,1.0,0.25,1.0,1.0,1.0,0.5307,1.0
TelcoCustomerChurn,uniqueness,0.75,XGBoost,0.7821,0.7068,0.8056,82.65,B,1.0,0.25,1.0,1.0,1.0,0.5307,1.0
TelcoCustomerChurn,uniqueness,0.75,SVC,0.8048,0.7332,0.8253,82.65,B,1.0,0.25,1.0,1.0,1.0,0.5307,1.0
TelcoCustomerChurn,uniqueness,0.75,MLP,0.7339,0.6555,0.734,82.65,B,1.0,0.25,1.0,1.0,1.0,0.5307,1.0
SouthGermanCredit,class_balance,0.1,LogisticRegression,0.74,0.6961,0.7813,99.11,A,1.0,1.0,1.0,1.0,0.9611,0.9,1.0
SouthGermanCredit,class_balance,0.1,RandomForest,0.735,0.6992,0.7781,99.11,A,1.0,1.0,1.0,1.0,0.9611,0.9,1.0
SouthGermanCredit,class_balance,0.1,XGBoost,0.675,0.6339,0.7482,99.11,A,1.0,1.0,1.0,1.0,0.9611,0.9,1.0
SouthGermanCredit,class_balance,0.1,SVC,0.73,0.6844,0.7618,99.11,A,1.0,1.0,1.0,1.0,0.9611,0.9,1.0
SouthGermanCredit,class_balance,0.1,MLP,0.74,0.6988,0.7398,99.11,A,1.0,1.0,1.0,1.0,0.9611,0.9,1.0
SouthGermanCredit,class_balance,0.25,LogisticRegression,0.745,0.6919,0.7707,98.17,A,1.0,1.0,1.0,1.0,0.9422,0.75,1.0
SouthGermanCredit,class_balance,0.25,RandomForest,0.74,0.6702,0.7851,98.17,A,1.0,1.0,1.0,1.0,0.9422,0.75,1.0
SouthGermanCredit,class_balance,0.25,XGBoost,0.765,0.7132,0.7882,98.17,A,1.0,1.0,1.0,1.0,0.9422,0.75,1.0
SouthGermanCredit,class_balance,0.25,SVC,0.74,0.6905,0.7539,98.17,A,1.0,1.0,1.0,1.0,0.9422,0.75,1.0
SouthGermanCredit,class_balance,0.25,MLP,0.74,0.6934,0.7355,98.17,A,1.0,1.0,1.0,1.0,0.9422,0.75,1.0
SouthGermanCredit,class_balance,0.5,LogisticRegression,0.755,0.6568,0.7574,96.95,A,1.0,1.0,1.0,1.0,0.945,0.5,1.0
SouthGermanCredit,class_balance,0.5,RandomForest,0.745,0.5534,0.774,96.95,A,1.0,1.0,1.0,1.0,0.945,0.5,1.0
SouthGermanCredit,class_balance,0.5,XGBoost,0.785,0.6893,0.8023,96.95,A,1.0,1.0,1.0,1.0,0.945,0.5,1.0
SouthGermanCredit,class_balance,0.5,SVC,0.725,0.6147,0.7343,96.95,A,1.0,1.0,1.0,1.0,0.945,0.5,1.0
SouthGermanCredit,class_balance,0.5,MLP,0.74,0.633,0.7307,96.95,A,1.0,1.0,1.0,1.0,0.945,0.5,1.0
SouthGermanCredit,class_balance,0.75,LogisticRegression,0.73,0.5614,0.7874,95.73,A,1.0,1.0,1.0,1.0,0.9483,0.25,1.0
SouthGermanCredit,class_balance,0.75,RandomForest,0.71,0.4465,0.7678,95.73,A,1.0,1.0,1.0,1.0,0.9483,0.25,1.0
SouthGermanCredit,class_balance,0.75,XGBoost,0.735,0.5462,0.7413,95.73,A,1.0,1.0,1.0,1.0,0.9483,0.25,1.0
SouthGermanCredit,class_balance,0.75,SVC,0.725,0.5184,0.7764,95.73,A,1.0,1.0,1.0,1.0,0.9483,0.25,1.0
SouthGermanCredit,class_balance,0.75,MLP,0.755,0.5979,0.7565,95.73,A,1.0,1.0,1.0,1.0,0.9483,0.25,1.0
SouthGermanCredit,completeness,0.1,LogisticRegression,0.77,0.7116,0.8012,94.6,A,0.9,1.0,1.0,1.0,0.9097,0.6,1.0
SouthGermanCredit,completeness,0.1,RandomForest,0.775,0.6894,0.8084,94.6,A,0.9,1.0,1.0,1.0,0.9097,0.6,1.0
SouthGermanCredit,completeness,0.1,XGBoost,0.75,0.6829,0.7319,94.6,A,0.9,1.0,1.0,1.0,0.9097,0.6,1.0
SouthGermanCredit,completeness,0.1,SVC,0.74,0.6843,0.7918,94.6,A,0.9,1.0,1.0,1.0,0.9097,0.6,1.0
SouthGermanCredit,completeness,0.1,MLP,0.73,0.6534,0.7656,94.6,A,0.9,1.0,1.0,1.0,0.9097,0.6,1.0
SouthGermanCredit,completeness,0.25,LogisticRegression,0.735,0.683,0.788,91.54,A,0.75,1.0,1.0,1.0,0.9787,0.6,1.0
SouthGermanCredit,completeness,0.25,RandomForest,0.77,0.6891,0.7842,91.54,A,0.75,1.0,1.0,1.0,0.9787,0.6,1.0
SouthGermanCredit,completeness,0.25,XGBoost,0.79,0.745,0.7894,91.54,A,0.75,1.0,1.0,1.0,0.9787,0.6,1.0
SouthGermanCredit,completeness,0.25,SVC,0.725,0.671,0.7815,91.54,A,0.75,1.0,1.0,1.0,0.9787,0.6,1.0
SouthGermanCredit,completeness,0.25,MLP,0.685,0.6366,0.7233,91.54,A,0.75,1.0,1.0,1.0,0.9787,0.6,1.0
SouthGermanCredit,completeness,0.5,LogisticRegression,0.76,0.692,0.7795,85.14,B,0.5,1.0,1.0,1.0,0.9637,0.6,1.0
SouthGermanCredit,completeness,0.5,RandomForest,0.785,0.6942,0.7867,85.14,B,0.5,1.0,1.0,1.0,0.9637,0.6,1.0
SouthGermanCredit,completeness,0.5,XGBoost,0.74,0.6533,0.7502,85.14,B,0.5,1.0,1.0,1.0,0.9637,0.6,1.0
SouthGermanCredit,completeness,0.5,SVC,0.735,0.6342,0.7623,85.14,B,0.5,1.0,1.0,1.0,0.9637,0.6,1.0
SouthGermanCredit,completeness,0.5,MLP,0.7,0.5828,0.7327,85.14,B,0.5,1.0,1.0,1.0,0.9637,0.6,1.0
SouthGermanCredit,completeness,0.75,LogisticRegression,0.7,0.6658,0.7702,76.63,B,0.25,0.994,1.0,1.0,0.75,0.6,1.0
SouthGermanCredit,completeness,0.75,RandomForest,0.705,0.5057,0.7381,76.63,B,0.25,0.994,1.0,1.0,0.75,0.6,1.0
SouthGermanCredit,completeness,0.75,XGBoost,0.665,0.6135,0.6846,76.63,B,0.25,0.994,1.0,1.0,0.75,0.6,1.0
SouthGermanCredit,completeness,0.75,SVC,0.715,0.6739,0.7404,76.63,B,0.25,0.994,1.0,1.0,0.75,0.6,1.0
SouthGermanCredit,completeness,0.75,MLP,0.7,0.4274,0.6604,76.63,B,0.25,0.994,1.0,1.0,0.75,0.6,1.0
SouthGermanCredit,consistent_repr,0.1,LogisticRegression,0.74,0.674,0.7799,96.3,A,1.0,1.0,1.0,0.9235,0.945,0.6,1.0
SouthGermanCredit,consistent_repr,0.1,RandomForest,0.755,0.6459,0.7919,96.3,A,1.0,1.0,1.0,0.9235,0.945,0.6,1.0
SouthGermanCredit,consistent_repr,0.1,XGBoost,0.785,0.7289,0.7825,96.3,A,1.0,1.0,1.0,0.9235,0.945,0.6,1.0
SouthGermanCredit,consistent_repr,0.1,SVC,0.745,0.682,0.7736,96.3,A,1.0,1.0,1.0,0.9235,0.945,0.6,1.0
SouthGermanCredit,consistent_repr,0.1,MLP,0.78,0.7272,0.7649,96.3,A,1.0,1.0,1.0,0.9235,0.945,0.6,1.0
SouthGermanCredit,consistent_repr,0.25,LogisticRegression,0.735,0.686,0.7955,94.58,A,1.0,1.0,1.0,0.8088,0.945,0.6,1.0
SouthGermanCredit,consistent_repr,0.25,RandomForest,0.795,0.721,0.8053,94.58,A,1.0,1.0,1.0,0.8088,0.945,0.6,1.0
SouthGermanCredit,consistent_repr,0.25,XGBoost,0.78,0.721,0.811,94.58,A,1.0,1.0,1.0,0.8088,0.945,0.6,1.0
SouthGermanCredit,consistent_repr,0.25,SVC,0.725,0.6827,0.7876,94.58,A,1.0,1.0,1.0,0.8088,0.945,0.6,1.0
SouthGermanCredit,consistent_repr,0.25,MLP,0.76,0.7169,0.7798,94.58,A,1.0,1.0,1.0,0.8088,0.945,0.6,1.0
SouthGermanCredit,consistent_repr,0.5,LogisticRegression,0.72,0.6667,0.7529,91.71,A,1.0,1.0,1.0,0.6176,0.945,0.6,1.0
SouthGermanCredit,consistent_repr,0.5,RandomForest,0.735,0.617,0.7687,91.71,A,1.0,1.0,1.0,0.6176,0.945,0.6,1.0
SouthGermanCredit,consistent_repr,0.5,XGBoost,0.685,0.6572,0.7414,91.71,A,1.0,1.0,1.0,0.6176,0.945,0.6,1.0
SouthGermanCredit,consistent_repr,0.5,SVC,0.735,0.6696,0.7589,91.71,A,1.0,1.0,1.0,0.6176,0.945,0.6,1.0
SouthGermanCredit,consistent_repr,0.5,MLP,0.69,0.657,0.7267,91.71,A,1.0,1.0,1.0,0.6176,0.945,0.6,1.0
SouthGermanCredit,consistent_repr,0.75,LogisticRegression,0.72,0.6667,0.7501,88.85,B,1.0,1.0,1.0,0.4265,0.945,0.6,1.0
SouthGermanCredit,consistent_repr,0.75,RandomForest,0.725,0.5291,0.7051,88.85,B,1.0,1.0,1.0,0.4265,0.945,0.6,1.0
SouthGermanCredit,consistent_repr,0.75,XGBoost,0.675,0.5803,0.6735,88.85,B,1.0,1.0,1.0,0.4265,0.945,0.6,1.0
SouthGermanCredit,consistent_repr,0.75,SVC,0.67,0.6269,0.723,88.85,B,1.0,1.0,1.0,0.4265,0.945,0.6,1.0
SouthGermanCredit,consistent_repr,0.75,MLP,0.71,0.6278,0.729,88.85,B,1.0,1.0,1.0,0.4265,0.945,0.6,1.0
SouthGermanCredit,feature_accuracy,0.1,LogisticRegression,0.765,0.6802,0.7985,97.54,A,1.0,1.0,1.0,1.0,0.954,0.6,1.0
SouthGermanCredit,feature_accuracy,0.1,RandomForest,0.755,0.6135,0.7969,97.54,A,1.0,1.0,1.0,1.0,0.954,0.6,1.0
SouthGermanCredit,feature_accuracy,0.1,XGBoost,0.765,0.6887,0.7565,97.54,A,1.0,1.0,1.0,1.0,0.954,0.6,1.0
SouthGermanCredit,feature_accuracy,0.1,SVC,0.765,0.6887,0.7938,97.54,A,1.0,1.0,1.0,1.0,0.954,0.6,1.0
SouthGermanCredit,feature_accuracy,0.1,MLP,0.76,0.7086,0.7554,97.54,A,1.0,1.0,1.0,1.0,0.954,0.6,1.0
SouthGermanCredit,feature_accuracy,0.25,LogisticRegression,0.73,0.6245,0.7852,97.67,A,1.0,1.0,1.0,1.0,0.967,0.6,1.0
SouthGermanCredit,feature_accuracy,0.25,RandomForest,0.72,0.5357,0.7607,97.67,A,1.0,1.0,1.0,1.0,0.967,0.6,1.0
SouthGermanCredit,feature_accuracy,0.25,XGBoost,0.735,0.6287,0.7542,97.67,A,1.0,1.0,1.0,1.0,0.967,0.6,1.0
SouthGermanCredit,feature_accuracy,0.25,SVC,0.715,0.5946,0.7717,97.67,A,1.0,1.0,1.0,1.0,0.967,0.6,1.0
SouthGermanCredit,feature_accuracy,0.25,MLP,0.705,0.6236,0.7174,97.67,A,1.0,1.0,1.0,1.0,0.967,0.6,1.0
SouthGermanCredit,feature_accuracy,0.5,LogisticRegression,0.75,0.5939,0.7698,97.74,A,1.0,1.0,1.0,1.0,0.974,0.6,1.0
SouthGermanCredit,feature_accuracy,0.5,RandomForest,0.695,0.41,0.7158,97.74,A,1.0,1.0,1.0,1.0,0.974,0.6,1.0
SouthGermanCredit,feature_accuracy,0.5,XGBoost,0.695,0.552,0.7263,97.74,A,1.0,1.0,1.0,1.0,0.974,0.6,1.0
SouthGermanCredit,feature_accuracy,0.5,SVC,0.7,0.4118,0.7685,97.74,A,1.0,1.0,1.0,1.0,0.974,0.6,1.0
SouthGermanCredit,feature_accuracy,0.5,MLP,0.695,0.5444,0.6952,97.74,A,1.0,1.0,1.0,1.0,0.974,0.6,1.0
SouthGermanCredit,feature_accuracy,0.75,LogisticRegression,0.685,0.4353,0.5762,97.87,A,1.0,1.0,1.0,1.0,0.9873,0.6,1.0
SouthGermanCredit,feature_accuracy,0.75,RandomForest,0.685,0.4065,0.568,97.87,A,1.0,1.0,1.0,1.0,0.9873,0.6,1.0
SouthGermanCredit,feature_accuracy,0.75,XGBoost,0.65,0.4072,0.5092,97.87,A,1.0,1.0,1.0,1.0,0.9873,0.6,1.0
SouthGermanCredit,feature_accuracy,0.75,SVC,0.7,0.4118,0.429,97.87,A,1.0,1.0,1.0,1.0,0.9873,0.6,1.0
SouthGermanCredit,feature_accuracy,0.75,MLP,0.64,0.4478,0.4586,97.87,A,1.0,1.0,1.0,1.0,0.9873,0.6,1.0
SouthGermanCredit,uniqueness,0.1,LogisticRegression,0.755,0.691,0.7868,90.76,A,1.0,0.6667,1.0,1.0,0.9422,0.6,1.0
SouthGermanCredit,uniqueness,0.1,RandomForest,0.775,0.6799,0.7995,90.76,A,1.0,0.6667,1.0,1.0,0.9422,0.6,1.0
SouthGermanCredit,uniqueness,0.1,XGBoost,0.81,0.759,0.813,90.76,A,1.0,0.6667,1.0,1.0,0.9422,0.6,1.0
SouthGermanCredit,uniqueness,0.1,SVC,0.77,0.7083,0.7738,90.76,A,1.0,0.6667,1.0,1.0,0.9422,0.6,1.0
SouthGermanCredit,uniqueness,0.1,MLP,0.775,0.7254,0.7585,90.76,A,1.0,0.6667,1.0,1.0,0.9422,0.6,1.0
SouthGermanCredit,uniqueness,0.25,LogisticRegression,0.755,0.6945,0.7821,87.41,B,1.0,0.5,1.0,1.0,0.9405,0.6,1.0
SouthGermanCredit,uniqueness,0.25,RandomForest,0.795,0.7285,0.7998,87.41,B,1.0,0.5,1.0,1.0,0.9405,0.6,1.0
SouthGermanCredit,uniqueness,0.25,XGBoost,0.8,0.7433,0.7829,87.41,B,1.0,0.5,1.0,1.0,0.9405,0.6,1.0
SouthGermanCredit,uniqueness,0.25,SVC,0.755,0.6978,0.7707,87.41,B,1.0,0.5,1.0,1.0,0.9405,0.6,1.0
SouthGermanCredit,uniqueness,0.25,MLP,0.735,0.6732,0.7454,87.41,B,1.0,0.5,1.0,1.0,0.9405,0.6,1.0
SouthGermanCredit,uniqueness,0.5,LogisticRegression,0.75,0.69,0.7827,84.08,B,1.0,0.3333,1.0,1.0,0.9416,0.6,1.0
SouthGermanCredit,uniqueness,0.5,RandomForest,0.77,0.6891,0.7986,84.08,B,1.0,0.3333,1.0,1.0,0.9416,0.6,1.0
SouthGermanCredit,uniqueness,0.5,XGBoost,0.77,0.7148,0.7894,84.08,B,1.0,0.3333,1.0,1.0,0.9416,0.6,1.0
SouthGermanCredit,uniqueness,0.5,SVC,0.735,0.6766,0.771,84.08,B,1.0,0.3333,1.0,1.0,0.9416,0.6,1.0
SouthGermanCredit,uniqueness,0.5,MLP,0.74,0.6776,0.7414,84.08,B,1.0,0.3333,1.0,1.0,0.9416,0.6,1.0
SouthGermanCredit,uniqueness,0.75,LogisticRegression,0.755,0.6945,0.7869,82.48,B,1.0,0.25,1.0,1.0,0.9483,0.6,1.0
SouthGermanCredit,uniqueness,0.75,RandomForest,0.775,0.6848,0.8015,82.48,B,1.0,0.25,1.0,1.0,0.9483,0.6,1.0
SouthGermanCredit,uniqueness,0.75,XGBoost,0.78,0.7105,0.799,82.48,B,1.0,0.25,1.0,1.0,0.9483,0.6,1.0
SouthGermanCredit,uniqueness,0.75,SVC,0.725,0.6608,0.7682,82.48,B,1.0,0.25,1.0,1.0,0.9483,0.6,1.0
SouthGermanCredit,uniqueness,0.75,MLP,0.735,0.6766,0.739,82.48,B,1.0,0.25,1.0,1.0,0.9483,0.6,1.0
letter,class_balance,0.1,LogisticRegression,0.7678,0.7666,0.9773,98.33,A,1.0,0.9563,1.0,1.0,0.9654,0.9093,1.0
letter,class_balance,0.1,RandomForest,0.9327,0.9324,0.9984,98.33,A,1.0,0.9563,1.0,1.0,0.9654,0.9093,1.0
letter,class_balance,0.1,XGBoost,0.932,0.9319,0.9987,98.33,A,1.0,0.9563,1.0,1.0,0.9654,0.9093,1.0
letter,class_balance,0.1,SVC,0.8387,0.8384,0.992,98.33,A,1.0,0.9563,1.0,1.0,0.9654,0.9093,1.0
letter,class_balance,0.1,MLP,0.938,0.9378,0.9989,98.33,A,1.0,0.9563,1.0,1.0,0.9654,0.9093,1.0
letter,class_balance,0.25,LogisticRegression,0.7675,0.7653,0.9772,97.42,A,1.0,0.9563,1.0,1.0,0.9523,0.7549,1.0
letter,class_balance,0.25,RandomForest,0.9303,0.93,0.9984,97.42,A,1.0,0.9563,1.0,1.0,0.9523,0.7549,1.0
letter,class_balance,0.25,XGBoost,0.9267,0.9264,0.9985,97.42,A,1.0,0.9563,1.0,1.0,0.9523,0.7549,1.0
letter,class_balance,0.25,SVC,0.8373,0.8368,0.992,97.42,A,1.0,0.9563,1.0,1.0,0.9523,0.7549,1.0
letter,class_balance,0.25,MLP,0.941,0.9405,0.9989,97.42,A,1.0,0.9563,1.0,1.0,0.9523,0.7549,1.0
letter,class_balance,0.5,LogisticRegression,0.7602,0.7562,0.9771,96.19,A,1.0,0.9564,1.0,1.0,0.9517,0.5098,1.0
letter,class_balance,0.5,RandomForest,0.9247,0.9242,0.9978,96.19,A,1.0,0.9564,1.0,1.0,0.9517,0.5098,1.0
letter,class_balance,0.5,XGBoost,0.924,0.9233,0.9983,96.19,A,1.0,0.9564,1.0,1.0,0.9517,0.5098,1.0
letter,class_balance,0.5,SVC,0.8325,0.8313,0.9918,96.19,A,1.0,0.9564,1.0,1.0,0.9517,0.5098,1.0
letter,class_balance,0.5,MLP,0.9195,0.9191,0.9984,96.19,A,1.0,0.9564,1.0,1.0,0.9517,0.5098,1.0
letter,class_balance,0.75,LogisticRegression,0.7462,0.738,0.9762,94.93,A,1.0,0.9535,1.0,1.0,0.9533,0.2647,1.0
letter,class_balance,0.75,RandomForest,0.9163,0.915,0.9962,94.93,A,1.0,0.9535,1.0,1.0,0.9533,0.2647,1.0
letter,class_balance,0.75,XGBoost,0.9165,0.915,0.9976,94.93,A,1.0,0.9535,1.0,1.0,0.9533,0.2647,1.0
letter,class_balance,0.75,SVC,0.8273,0.825,0.9909,94.93,A,1.0,0.9535,1.0,1.0,0.9533,0.2647,1.0
letter,class_balance,0.75,MLP,0.9243,0.9227,0.9981,94.93,A,1.0,0.9535,1.0,1.0,0.9533,0.2647,1.0
letter,completeness,0.1,LogisticRegression,0.646,0.6415,0.9521,96.58,A,0.9,0.9959,1.0,1.0,0.9393,0.9542,1.0
letter,completeness,0.1,RandomForest,0.935,0.935,0.9987,96.58,A,0.9,0.9959,1.0,1.0,0.9393,0.9542,1.0
letter,completeness,0.1,XGBoost,0.9455,0.9453,0.9992,96.58,A,0.9,0.9959,1.0,1.0,0.9393,0.9542,1.0
letter,completeness,0.1,SVC,0.6895,0.6899,0.9609,96.58,A,0.9,0.9959,1.0,1.0,0.9393,0.9542,1.0
letter,completeness,0.1,MLP,0.9275,0.9274,0.9982,96.58,A,0.9,0.9959,1.0,1.0,0.9393,0.9542,1.0
letter,completeness,0.25,LogisticRegression,0.5343,0.5208,0.9299,93.48,A,0.75,1.0,1.0,1.0,0.9959,0.9542,1.0
letter,completeness,0.25,RandomForest,0.8975,0.8981,0.9961,93.48,A,0.75,1.0,1.0,1.0,0.9959,0.9542,1.0
letter,completeness,0.25,XGBoost,0.9243,0.9241,0.9987,93.48,A,0.75,1.0,1.0,1.0,0.9959,0.9542,1.0
letter,completeness,0.25,SVC,0.5625,0.5567,0.9324,93.48,A,0.75,1.0,1.0,1.0,0.9959,0.9542,1.0
letter,completeness,0.25,MLP,0.8702,0.8696,0.9958,93.48,A,0.75,1.0,1.0,1.0,0.9959,0.9542,1.0
letter,completeness,0.5,LogisticRegression,0.327,0.2927,0.9065,87.25,B,0.5,1.0,1.0,1.0,0.9976,0.9542,1.0
letter,completeness,0.5,RandomForest,0.8137,0.8153,0.9854,87.25,B,0.5,1.0,1.0,1.0,0.9976,0.9542,1.0
letter,completeness,0.5,XGBoost,0.8625,0.8635,0.9957,87.25,B,0.5,1.0,1.0,1.0,0.9976,0.9542,1.0
letter,completeness,0.5,SVC,0.3235,0.2873,0.9049,87.25,B,0.5,1.0,1.0,1.0,0.9976,0.9542,1.0
letter,completeness,0.5,MLP,0.6827,0.6885,0.9726,87.25,B,0.5,1.0,1.0,1.0,0.9976,0.9542,1.0
letter,completeness,0.75,LogisticRegression,0.202,0.1278,0.8846,78.04,B,0.25,0.9757,1.0,1.0,0.75,0.9542,1.0
letter,completeness,0.75,RandomForest,0.6693,0.6741,0.952,78.04,B,0.25,0.9757,1.0,1.0,0.75,0.9542,1.0
letter,completeness,0.75,XGBoost,0.7025,0.7057,0.977,78.04,B,0.25,0.9757,1.0,1.0,0.75,0.9542,1.0
letter,completeness,0.75,SVC,0.1445,0.0685,0.8731,78.04,B,0.25,0.9757,1.0,1.0,0.75,0.9542,1.0
letter,completeness,0.75,MLP,0.2575,0.2164,0.8625,78.04,B,0.25,0.9757,1.0,1.0,0.75,0.9542,1.0
letter,feature_accuracy,0.1,LogisticRegression,0.758,0.7582,0.9763,99.54,A,1.0,1.0,1.0,1.0,0.9772,0.9542,1.0
letter,feature_accuracy,0.1,RandomForest,0.9223,0.9226,0.9982,99.54,A,1.0,1.0,1.0,1.0,0.9772,0.9542,1.0
letter,feature_accuracy,0.1,XGBoost,0.9325,0.9325,0.9989,99.54,A,1.0,1.0,1.0,1.0,0.9772,0.9542,1.0
letter,feature_accuracy,0.1,SVC,0.8225,0.8229,0.9907,99.54,A,1.0,1.0,1.0,1.0,0.9772,0.9542,1.0
letter,feature_accuracy,0.1,MLP,0.938,0.9379,0.9993,99.54,A,1.0,1.0,1.0,1.0,0.9772,0.9542,1.0
letter,feature_accuracy,0.25,LogisticRegression,0.715,0.7157,0.964,99.64,A,1.0,1.0,1.0,1.0,0.9867,0.9542,1.0
letter,feature_accuracy,0.25,RandomForest,0.8093,0.8127,0.9889,99.64,A,1.0,1.0,1.0,1.0,0.9867,0.9542,1.0
letter,feature_accuracy,0.25,XGBoost,0.8177,0.8203,0.9932,99.64,A,1.0,1.0,1.0,1.0,0.9867,0.9542,1.0
letter,feature_accuracy,0.25,SVC,0.755,0.7581,0.9767,99.64,A,1.0,1.0,1.0,1.0,0.9867,0.9542,1.0
letter,feature_accuracy,0.25,MLP,0.8265,0.8275,0.9932,99.64,A,1.0,1.0,1.0,1.0,0.9867,0.9542,1.0
letter,feature_accuracy,0.5,LogisticRegression,0.649,0.6444,0.9411,99.68,A,1.0,1.0,1.0,1.0,0.9906,0.9542,1.0
letter,feature_accuracy,0.5,RandomForest,0.624,0.6296,0.9472,99.68,A,1.0,1.0,1.0,1.0,0.9906,0.9542,1.0
letter,feature_accuracy,0.5,XGBoost,0.599,0.604,0.9614,99.68,A,1.0,1.0,1.0,1.0,0.9906,0.9542,1.0
letter,feature_accuracy,0.5,SVC,0.6753,0.6763,0.9481,99.68,A,1.0,1.0,1.0,1.0,0.9906,0.9542,1.0
letter,feature_accuracy,0.5,MLP,0.5082,0.5132,0.9343,99.68,A,1.0,1.0,1.0,1.0,0.9906,0.9542,1.0
letter,feature_accuracy,0.75,LogisticRegression,0.6118,0.6039,0.9221,99.69,A,1.0,1.0,1.0,1.0,0.9918,0.9542,1.0
letter,feature_accuracy,0.75,RandomForest,0.4607,0.4619,0.8742,99.69,A,1.0,1.0,1.0,1.0,0.9918,0.9542,1.0
letter,feature_accuracy,0.75,XGBoost,0.4138,0.4223,0.9037,99.69,A,1.0,1.0,1.0,1.0,0.9918,0.9542,1.0
letter,feature_accuracy,0.75,SVC,0.633,0.633,0.9258,99.69,A,1.0,1.0,1.0,1.0,0.9918,0.9542,1.0
letter,feature_accuracy,0.75,MLP,0.2702,0.2771,0.8239,99.69,A,1.0,1.0,1.0,1.0,0.9918,0.9542,1.0
letter,uniqueness,0.1,LogisticRegression,0.768,0.7668,0.9787,91.64,A,1.0,0.6666,1.0,1.0,0.9656,0.7297,1.0
letter,uniqueness,0.1,RandomForest,0.961,0.9609,0.9995,91.64,A,1.0,0.6666,1.0,1.0,0.9656,0.7297,1.0
letter,uniqueness,0.1,XGBoost,0.9593,0.9592,0.9996,91.64,A,1.0,0.6666,1.0,1.0,0.9656,0.7297,1.0
letter,uniqueness,0.1,SVC,0.8448,0.8441,0.9934,91.64,A,1.0,0.6666,1.0,1.0,0.9656,0.7297,1.0
letter,uniqueness,0.1,MLP,0.9555,0.9554,0.9995,91.64,A,1.0,0.6666,1.0,1.0,0.9656,0.7297,1.0
letter,uniqueness,0.25,LogisticRegression,0.7665,0.7654,0.9789,88.31,B,1.0,0.5,1.0,1.0,0.966,0.7298,1.0
letter,uniqueness,0.25,RandomForest,0.9635,0.9633,0.9994,88.31,B,1.0,0.5,1.0,1.0,0.966,0.7298,1.0
letter,uniqueness,0.25,XGBoost,0.9585,0.9585,0.9996,88.31,B,1.0,0.5,1.0,1.0,0.966,0.7298,1.0
letter,uniqueness,0.25,SVC,0.8458,0.8449,0.9932,88.31,B,1.0,0.5,1.0,1.0,0.966,0.7298,1.0
letter,uniqueness,0.25,MLP,0.9593,0.9591,0.9996,88.31,B,1.0,0.5,1.0,1.0,0.966,0.7298,1.0
letter,uniqueness,0.5,LogisticRegression,0.7665,0.7652,0.9788,84.97,B,1.0,0.3333,1.0,1.0,0.9658,0.7298,1.0
letter,uniqueness,0.5,RandomForest,0.9635,0.9634,0.9996,84.97,B,1.0,0.3333,1.0,1.0,0.9658,0.7298,1.0
letter,uniqueness,0.5,XGBoost,0.9613,0.9612,0.9996,84.97,B,1.0,0.3333,1.0,1.0,0.9658,0.7298,1.0
letter,uniqueness,0.5,SVC,0.841,0.8404,0.9932,84.97,B,1.0,0.3333,1.0,1.0,0.9658,0.7298,1.0
letter,uniqueness,0.5,MLP,0.9557,0.9556,0.9993,84.97,B,1.0,0.3333,1.0,1.0,0.9658,0.7298,1.0
letter,uniqueness,0.75,LogisticRegression,0.7665,0.7651,0.9787,83.31,B,1.0,0.25,1.0,1.0,0.9659,0.7298,1.0
letter,uniqueness,0.75,RandomForest,0.9645,0.9644,0.9995,83.31,B,1.0,0.25,1.0,1.0,0.9659,0.7298,1.0
letter,uniqueness,0.75,XGBoost,0.963,0.9629,0.9996,83.31,B,1.0,0.25,1.0,1.0,0.9659,0.7298,1.0
letter,uniqueness,0.75,SVC,0.8468,0.8461,0.9932,83.31,B,1.0,0.25,1.0,1.0,0.9659,0.7298,1.0
letter,uniqueness,0.75,MLP,0.9627,0.9625,0.9994,83.31,B,1.0,0.25,1.0,1.0,0.9659,0.7298,1.0
